Title,Summary,Themes,Genre,Author
The Count of Monte Cristo,A story of revenge and redemption in 19th-century France.,Revenge, Justice, Redemption,Historical Fiction,Alexandre Dumas
The Hitchhiker's Guide to the Galaxy,A humorous science fiction series exploring the absurdities of the universe.,Humor, Science Fiction, Adventure,Science Fiction,Douglas Adams
The Picture of Dorian Gray,A Gothic novel about a man who remains eternally young while his portrait ages.,Youth, Corruption, Art,Gothic Fiction,Oscar Wilde
Les Misérables,An epic historical novel about redemption and revolution in 19th-century France.,Redemption, Revolution, Justice,Historical Fiction,Victor Hugo
Dune,A science fiction novel set in a distant future of noble houses and a coveted spice.,Politics, Religion, Ecology,Science Fiction,Frank Herbert
Catch-22,A satirical novel about the absurdities of war and bureaucracy.,War, Absurdity, Bureaucracy,Fiction,Joseph Heller
The Chronicles of Narnia,A fantasy series about children's adventures in a magical world.,Faith, Courage, Adventure,Fantasy,C.S. Lewis
The Divine Comedy,An epic poem describing a journey through Hell, Purgatory, and Paradise.,Salvation, Love, Faith,Epic Poetry,Dante Alighieri
Beloved,A powerful novel about the impact of slavery on a woman's life and family.,Slavery, Trauma, Love,Historical Fiction,Toni Morrison
The Brothers Karamazov,A philosophical novel exploring themes of morality, faith, and free will.,Morality, Faith, Free Will,Fiction,Fyodor Dostoevsky
The Hitchhiker's Guide to the Galaxy,A humorous science fiction series following the misadventures of the last surviving man from Earth.,Absurdity,Science,Humanity,Science Fiction,Douglas Adams
One Hundred Years of Solitude,A multi-generational story of the Buendía family set in the fictional town of Macondo.,Family,Magic Realism,Solitude,Fiction,Gabriel García Márquez
The Count of Monte Cristo,A tale of revenge and redemption in post-Napoleonic France.,Revenge,Justice,Transformation,Historical Fiction,Alexandre Dumas
The Graveyard Book,A young boy raised by ghosts in a graveyard learns about life and mortality.,Childhood,Death,Belonging,Fantasy,Neil Gaiman
The Handmaid's Tale,A dystopian novel set in a totalitarian society where women are stripped of their rights.,Oppression,Feminism,Survival,Science Fiction,Margaret Atwood
The Picture of Dorian Gray,A philosophical novel exploring the pursuit of pleasure and the consequences of immorality.,Beauty,Corruption,Morality,Gothic Fiction,Oscar Wilde
The Kite Runner,A story of friendship and redemption set against the backdrop of Afghanistan's turbulent history.,Friendship,Betrayal,Redemption,Historical Fiction,Khaled Hosseini
Dracula,A Gothic horror novel about the infamous vampire Count Dracula and his victims.,Vampires,Immortality,Good vs Evil,Gothic Fiction,Bram Stoker
The Stranger,An existentialist novel about an emotionally detached man and his moral dilemmas.,Absurdity,Existentialism,Justice,Fiction,Albert Camus
The Book Thief,A young girl's experiences in Nazi Germany and her love for books during World War II.,Death,Survival,Humanity,Historical Fiction,Markus Zusak
The Hound of the Baskervilles,An investigation of a mysterious legend of a supernatural hound on the moors.,Mystery, Supernatural, Deduction,Fiction,Arthur Conan Doyle
The Picture of Dorian Gray,A young man's descent into a life of debauchery and sin.,Beauty, Corruption, Morality,Gothic Fiction,Oscar Wilde
The Handmaid's Tale,A dystopian novel about a totalitarian society and the oppression of women.,Oppression, Feminism, Dystopia,Fiction,Margaret Atwood
The Hitchhiker's Guide to the Galaxy,A comedic science fiction series chronicling the misadventures of an unwitting human.,Humor, Space Travel, Absurdity,Science Fiction,Douglas Adams
The Kite Runner,A story of friendship, betrayal, and redemption set in Afghanistan.,Friendship, Betrayal, Redemption,Fiction,Khaled Hosseini
The Count of Monte Cristo,A tale of revenge and retribution in post-Napoleonic France.,Revenge, Justice, Betrayal,Historical Fiction,Alexandre Dumas
The Graveyard Book,A young boy raised by ghosts in a graveyard learns about life and death.,Childhood, Death, Supernatural,Fantasy,Neil Gaiman
The Martian,An astronaut stranded on Mars fights for survival while awaiting rescue.,Survival, Space Exploration, Perseverance,Science Fiction,Andy Weir
The Haunting of Hill House,A group investigates a haunted house with a dark history.,Horror, Supernatural, Psychological,Gothic Fiction,Shirley Jackson
The Name of the Wind,A young man's journey to become a legendary wizard.,Magic, Adventure, Destiny,Fantasy,Patrick Rothfuss
The Count of Monte Cristo,A story of wrongful imprisonment and a quest for revenge and redemption.,Revenge, Justice, Redemption,Historical Fiction,Alexandre Dumas
One Hundred Years of Solitude,A multi-generational saga of the Buendía family spanning a century.,Family, Magic Realism, History,Fiction,Gabriel García Márquez
The Chronicles of Narnia,A fantasy series about children's adventures in a magical world ruled by a lion.,Adventure, Christianity, Allegory,Fantasy,C.S. Lewis
Slaughterhouse-Five,A satirical novel about the experiences of a soldier during World War II.,War, Time Travel, Fate,Science Fiction,Kurt Vonnegut
Les Misérables,An epic historical novel following the lives of several characters in 19th-century France.,Redemption, Revolution, Morality,Historical Fiction,Victor Hugo
